{"mean":{"confidence_interval":{"confidence_level":0.95,"lower_bound":1364.6343359793686,"upper_bound":1437.5736968367273},"point_estimate":1397.7542987643978,"standard_error":18.70062671955597},"median":{"confidence_interval":{"confidence_level":0.95,"lower_bound":1358.5495628329081,"upper_bound":1425.1836945107918},"point_estimate":1382.862631054914,"standard_error":15.85802722033737},"median_abs_dev":{"confidence_interval":{"confidence_level":0.95,"lower_bound":4.029644245287266,"upper_bound":98.39931819027603},"point_estimate":38.06137642863512,"standard_error":23.17514028964852},"slope":null,"std_dev":{"confidence_interval":{"confidence_level":0.95,"lower_bound":23.58452101005648,"upper_bound":86.52644710167196},"point_estimate":62.28988655810525,"standard_error":17.50672241088125}}