{"mean":{"confidence_interval":{"confidence_level":0.95,"lower_bound":-0.7239118543403014,"upper_bound":-0.7137725053039397},"point_estimate":-0.7190630506377752,"standard_error":0.0026017090878070353},"median":{"confidence_interval":{"confidence_level":0.95,"lower_bound":-0.7260994998252841,"upper_bound":-0.7140314872578732},"point_estimate":-0.7202559734787181,"standard_error":0.003131576869567499}}