{"mean":{"confidence_interval":{"confidence_level":0.95,"lower_bound":1701.0191992269172,"upper_bound":1816.7689706389053},"point_estimate":1759.928574295912,"standard_error":29.528901390816614},"median":{"confidence_interval":{"confidence_level":0.95,"lower_bound":1659.3189761585372,"upper_bound":1852.1768322667622},"point_estimate":1788.5911408241982,"standard_error":58.348609340504325},"median_abs_dev":{"confidence_interval":{"confidence_level":0.95,"lower_bound":14.26223749237676,"upper_bound":153.52741990583618},"point_estimate":122.08828618206266,"standard_error":38.13033572688394},"slope":null,"std_dev":{"confidence_interval":{"confidence_level":0.95,"lower_bound":63.868248306514765,"upper_bound":111.92973617033448},"point_estimate":98.57220823260057,"standard_error":12.19525570856782}}