{"mean":{"confidence_interval":{"confidence_level":0.95,"lower_bound":610346.7986335404,"upper_bound":617111.6089254658},"point_estimate":613501.565962733,"standard_error":1737.1862366853013},"median":{"confidence_interval":{"confidence_level":0.95,"lower_bound":608809.4621118013,"upper_bound":617548.9192546584},"point_estimate":611377.9875776398,"standard_error":2236.4391309802395},"median_abs_dev":{"confidence_interval":{"confidence_level":0.95,"lower_bound":680.4958913970286,"upper_bound":9113.303532989139},"point_estimate":4045.4259716575752,"standard_error":2177.4844387421813},"slope":null,"std_dev":{"confidence_interval":{"confidence_level":0.95,"lower_bound":2519.069093732159,"upper_bound":7402.893947038236},"point_estimate":5800.38912216431,"standard_error":1238.1879276628756}}