{"mean":{"confidence_interval":{"confidence_level":0.95,"lower_bound":235209.7318786621,"upper_bound":237903.87170288086},"point_estimate":236441.53051757812,"standard_error":690.7002750170368},"median":{"confidence_interval":{"confidence_level":0.95,"lower_bound":234592.10571289062,"upper_bound":237732.89013671875},"point_estimate":236193.81323242188,"standard_error":975.5237596267685},"median_abs_dev":{"confidence_interval":{"confidence_level":0.95,"lower_bound":392.3008033380029,"upper_bound":3914.4436295769992},"point_estimate":2219.9321233812952,"standard_error":880.890245962827},"slope":null,"std_dev":{"confidence_interval":{"confidence_level":0.95,"lower_bound":1141.859240345796,"upper_bound":3117.885170416044},"point_estimate":2290.957666679156,"standard_error":575.6725060009516}}