{"mean":{"confidence_interval":{"confidence_level":0.95,"lower_bound":-0.9999668353882688,"upper_bound":-0.9999441409696053},"point_estimate":-0.9999574284379259,"standard_error":5.824390357153179e-6},"median":{"confidence_interval":{"confidence_level":0.95,"lower_bound":-0.9999666182712343,"upper_bound":-0.999938931634103},"point_estimate":-0.9999486602521932,"standard_error":8.104606509986059e-6}}