{"mean":{"confidence_interval":{"confidence_level":0.95,"lower_bound":669361.5323736338,"upper_bound":676946.2034153005},"point_estimate":673166.3117486339,"standard_error":1943.0039943497145},"median":{"confidence_interval":{"confidence_level":0.95,"lower_bound":667161.6550546448,"upper_bound":678354.4713114754},"point_estimate":673667.7151639344,"standard_error":3172.6934987224927},"median_abs_dev":{"confidence_interval":{"confidence_level":0.95,"lower_bound":1307.4486103947154,"upper_bound":10776.456144745254},"point_estimate":7380.771547653653,"standard_error":2456.3248007264024},"slope":null,"std_dev":{"confidence_interval":{"confidence_level":0.95,"lower_bound":3923.7019779559423,"upper_bound":7863.010760319297},"point_estimate":6456.547267853444,"standard_error":1003.57473215514}}