{"mean":{"confidence_interval":{"confidence_level":0.95,"lower_bound":5432.754966183682,"upper_bound":5530.4003801430135},"point_estimate":5479.703374990315,"standard_error":25.002995297466075},"median":{"confidence_interval":{"confidence_level":0.95,"lower_bound":5384.7800444980685,"upper_bound":5530.207281300849},"point_estimate":5485.537740339381,"standard_error":31.44834270561228},"median_abs_dev":{"confidence_interval":{"confidence_level":0.95,"lower_bound":5.630617362761524,"upper_bound":161.30262172425688},"point_estimate":68.13260846264552,"standard_error":40.475156400420104},"slope":null,"std_dev":{"confidence_interval":{"confidence_level":0.95,"lower_bound":45.898584614867936,"upper_bound":108.77278150875154},"point_estimate":83.48415573730479,"standard_error":17.251788957064008}}