{"mean":{"confidence_interval":{"confidence_level":0.95,"lower_bound":96094.00750197627,"upper_bound":97580.6445652174},"point_estimate":96806.18600790514,"standard_error":380.09295590702374},"median":{"confidence_interval":{"confidence_level":0.95,"lower_bound":95906.37697628458,"upper_bound":97847.34209486165},"point_estimate":96545.69634387351,"standard_error":458.40169144244686},"median_abs_dev":{"confidence_interval":{"confidence_level":0.95,"lower_bound":214.33531753865918,"upper_bound":2127.581798413634},"point_estimate":1246.6352512472406,"standard_error":534.2610985026143},"slope":null,"std_dev":{"confidence_interval":{"confidence_level":0.95,"lower_bound":639.7506328234667,"upper_bound":1599.31316876525},"point_estimate":1267.9087542178302,"standard_error":240.8811421339826}}