{"mean":{"confidence_interval":{"confidence_level":0.95,"lower_bound":-0.9994113056506257,"upper_bound":-0.9991205410179479},"point_estimate":-0.9992800828346594,"standard_error":0.00007482946513441738},"median":{"confidence_interval":{"confidence_level":0.95,"lower_bound":-0.9993662783421693,"upper_bound":-0.9990259316079194},"point_estimate":-0.999244011541409,"standard_error":0.00011947009025040182}}