{"mean":{"confidence_interval":{"confidence_level":0.95,"lower_bound":21867.556826733355,"upper_bound":22752.183173496076},"point_estimate":22201.93622722892,"standard_error":252.22452150573505},"median":{"confidence_interval":{"confidence_level":0.95,"lower_bound":21838.263616757675,"upper_bound":22193.879135502226},"point_estimate":21912.11072362685,"standard_error":96.6775094381127},"median_abs_dev":{"confidence_interval":{"confidence_level":0.95,"lower_bound":30.01980917199389,"upper_bound":400.55193885308273},"point_estimate":90.56040793199224,"standard_error":111.8278982731133},"slope":null,"std_dev":{"confidence_interval":{"confidence_level":0.95,"lower_bound":54.598248460149044,"upper_bound":1279.0694007414909},"point_estimate":837.2201417046313,"standard_error":403.8352176784718}}