{"mean":{"confidence_interval":{"confidence_level":0.95,"lower_bound":2265608.9018604653,"upper_bound":2300002.3813953483},"point_estimate":2282847.717209302,"standard_error":8823.084635425363},"median":{"confidence_interval":{"confidence_level":0.95,"lower_bound":2253044.1395348837,"upper_bound":2307142.3093023254},"point_estimate":2289135.7860465115,"standard_error":16818.52176970796},"median_abs_dev":{"confidence_interval":{"confidence_level":0.95,"lower_bound":1335.681212100708,"upper_bound":49824.4477982299},"point_estimate":45046.107384922914,"standard_error":13170.255548856692},"slope":null,"std_dev":{"confidence_interval":{"confidence_level":0.95,"lower_bound":19317.649005315863,"upper_bound":34309.7068553391},"point_estimate":29250.569179318576,"standard_error":3914.153822332537}}