{"mean":{"confidence_interval":{"confidence_level":0.95,"lower_bound":661188.4245652173,"upper_bound":710663.0143222505},"point_estimate":683581.8138107416,"standard_error":12699.442098004743},"median":{"confidence_interval":{"confidence_level":0.95,"lower_bound":657162.4143222506,"upper_bound":711712.5319693094},"point_estimate":668032.5204603581,"standard_error":13026.93932395194},"median_abs_dev":{"confidence_interval":{"confidence_level":0.95,"lower_bound":3513.5363245787225,"upper_bound":66719.22555935883},"point_estimate":16885.39176927819,"standard_error":14777.24648978782},"slope":null,"std_dev":{"confidence_interval":{"confidence_level":0.95,"lower_bound":12071.75069453052,"upper_bound":54309.67613966962},"point_estimate":42389.75314402028,"standard_error":10800.671289142783}}