{"mean":{"confidence_interval":{"confidence_level":0.95,"lower_bound":44319.70799596996,"upper_bound":45467.62513692984},"point_estimate":44873.90131892288,"standard_error":294.2266354338879},"median":{"confidence_interval":{"confidence_level":0.95,"lower_bound":44022.034850705255,"upper_bound":45941.27743176406},"point_estimate":44418.66509433962,"standard_error":554.5988074546341},"median_abs_dev":{"confidence_interval":{"confidence_level":0.95,"lower_bound":81.56635513736045,"upper_bound":1515.3450911408383},"point_estimate":771.4179637638395,"standard_error":417.5188128195761},"slope":null,"std_dev":{"confidence_interval":{"confidence_level":0.95,"lower_bound":594.1302675153122,"upper_bound":1142.6776298137067},"point_estimate":982.9469968493942,"standard_error":143.598106074368}}