{"mean":{"confidence_interval":{"confidence_level":0.95,"lower_bound":216412.27545414268,"upper_bound":218663.59311807711},"point_estimate":217429.76703588836,"standard_error":578.8002650596385},"median":{"confidence_interval":{"confidence_level":0.95,"lower_bound":216207.51373504652,"upper_bound":219060.1628267612},"point_estimate":216753.8579973416,"standard_error":559.2490276994807},"median_abs_dev":{"confidence_interval":{"confidence_level":0.95,"lower_bound":64.67768485085415,"upper_bound":2721.9586311173084},"point_estimate":964.3944970566844,"standard_error":634.1243421660494},"slope":null,"std_dev":{"confidence_interval":{"confidence_level":0.95,"lower_bound":569.1631114422901,"upper_bound":2445.0382402072237},"point_estimate":1932.796797604095,"standard_error":490.3929793109228}}