{"mean":{"confidence_interval":{"confidence_level":0.95,"lower_bound":-0.10980874144021319,"upper_bound":0.049317909730042755},"point_estimate":-0.021637457068328758,"standard_error":0.04157133917575155},"median":{"confidence_interval":{"confidence_level":0.95,"lower_bound":-0.06638908497174445,"upper_bound":0.08367759380547635},"point_estimate":0.04266472341559613,"standard_error":0.04167962260353761}}