{"mean":{"confidence_interval":{"confidence_level":0.95,"lower_bound":2181184.484976526,"upper_bound":2217527.3396478877},"point_estimate":2198393.9868544596,"standard_error":9315.49379099626},"median":{"confidence_interval":{"confidence_level":0.95,"lower_bound":2173759.5211267606,"upper_bound":2226404.1056338027},"point_estimate":2186491.016431925,"standard_error":14519.486621821306},"median_abs_dev":{"confidence_interval":{"confidence_level":0.95,"lower_bound":5210.068604686194,"upper_bound":51727.92700277199},"point_estimate":27174.45658797951,"standard_error":13119.295796538234},"slope":null,"std_dev":{"confidence_interval":{"confidence_level":0.95,"lower_bound":15512.883902916,"upper_bound":37774.9669869711},"point_estimate":31157.831647761912,"standard_error":5617.528974774601}}