{"mean":{"confidence_interval":{"confidence_level":0.95,"lower_bound":19543.735008755175,"upper_bound":19765.997177650435},"point_estimate":19657.324204075136,"standard_error":57.01066467606627},"median":{"confidence_interval":{"confidence_level":0.95,"lower_bound":19491.329652180833,"upper_bound":19809.721028334927},"point_estimate":19685.85307226998,"standard_error":76.89871106058874},"median_abs_dev":{"confidence_interval":{"confidence_level":0.95,"lower_bound":48.146088901683136,"upper_bound":347.4966412280256},"point_estimate":205.12884001869404,"standard_error":73.51204583232077},"slope":null,"std_dev":{"confidence_interval":{"confidence_level":0.95,"lower_bound":107.67504594689936,"upper_bound":234.19388678429527},"point_estimate":190.325525999684,"standard_error":32.14039424140431}}