{"mean":{"confidence_interval":{"confidence_level":0.95,"lower_bound":-0.6339149347030638,"upper_bound":-0.6138345327676136},"point_estimate":-0.6253335900171106,"standard_error":0.005152628452545638},"median":{"confidence_interval":{"confidence_level":0.95,"lower_bound":-0.6376505502804295,"upper_bound":-0.6187576072546518},"point_estimate":-0.633044277613936,"standard_error":0.004430822324288083}}