{"mean":{"confidence_interval":{"confidence_level":0.95,"lower_bound":207563.26495835115,"upper_bound":210047.67923643743},"point_estimate":208746.24365655705,"standard_error":638.6388395239059},"median":{"confidence_interval":{"confidence_level":0.95,"lower_bound":207172.02691157625,"upper_bound":210274.78428022214},"point_estimate":208272.4739427595,"standard_error":758.8909439099251},"median_abs_dev":{"confidence_interval":{"confidence_level":0.95,"lower_bound":239.60075879621516,"upper_bound":3483.339505480025},"point_estimate":2081.7790416826556,"standard_error":941.3052646026983},"slope":null,"std_dev":{"confidence_interval":{"confidence_level":0.95,"lower_bound":969.773388328299,"upper_bound":2645.5204556922386},"point_estimate":2135.9093540827794,"standard_error":407.5602853749645}}