{"mean":{"confidence_interval":{"confidence_level":0.95,"lower_bound":9603.74480044969,"upper_bound":9695.153065408696},"point_estimate":9648.845723091235,"standard_error":23.487849404867255},"median":{"confidence_interval":{"confidence_level":0.95,"lower_bound":9576.917078560215,"upper_bound":9726.39541780543},"point_estimate":9638.596605997169,"standard_error":46.447575145558986},"median_abs_dev":{"confidence_interval":{"confidence_level":0.95,"lower_bound":12.535816571072338,"upper_bound":124.02695525577768},"point_estimate":105.87791535004025,"standard_error":30.76086608693996},"slope":null,"std_dev":{"confidence_interval":{"confidence_level":0.95,"lower_bound":52.048747736245865,"upper_bound":90.05487172473222},"point_estimate":78.36567479647441,"standard_error":9.721453533605393}}