{"mean":{"confidence_interval":{"confidence_level":0.95,"lower_bound":10193.562401888192,"upper_bound":10319.95556691966},"point_estimate":10256.241815788391,"standard_error":32.3355056256328},"median":{"confidence_interval":{"confidence_level":0.95,"lower_bound":10174.17511004155,"upper_bound":10339.312754535356},"point_estimate":10249.064235468344,"standard_error":39.447324334420124},"median_abs_dev":{"confidence_interval":{"confidence_level":0.95,"lower_bound":31.013717751260362,"upper_bound":199.27269822080962},"point_estimate":100.58331417751342,"standard_error":43.411110488396865},"slope":null,"std_dev":{"confidence_interval":{"confidence_level":0.95,"lower_bound":60.35815158637042,"upper_bound":135.5527658886669},"point_estimate":107.6527171960639,"standard_error":19.301600577395092}}