{"mean":{"confidence_interval":{"confidence_level":0.95,"lower_bound":-0.9980559969054936,"upper_bound":-0.9976824080246477},"point_estimate":-0.9978807866700743,"standard_error":0.0000958241207258826},"median":{"confidence_interval":{"confidence_level":0.95,"lower_bound":-0.9981162167400851,"upper_bound":-0.9975833774324032},"point_estimate":-0.9978339694394324,"standard_error":0.00013476849085938383}}