{"mean":{"confidence_interval":{"confidence_level":0.95,"lower_bound":1252.1828300851776,"upper_bound":1309.115942000374},"point_estimate":1278.0218314656188,"standard_error":14.668474858765824},"median":{"confidence_interval":{"confidence_level":0.95,"lower_bound":1237.013539173785,"upper_bound":1309.66659181742},"point_estimate":1266.4150591660689,"standard_error":15.924563549925185},"median_abs_dev":{"confidence_interval":{"confidence_level":0.95,"lower_bound":5.208686003651619,"upper_bound":73.32855512806003},"point_estimate":38.12062644949477,"standard_error":17.527185415452376},"slope":null,"std_dev":{"confidence_interval":{"confidence_level":0.95,"lower_bound":17.010862400530012,"upper_bound":64.37086390851111},"point_estimate":48.94672528395666,"standard_error":12.528372283368563}}