{"mean":{"confidence_interval":{"confidence_level":0.95,"lower_bound":0.19655786304265277,"upper_bound":0.23079871483282544},"point_estimate":0.2130937892540743,"standard_error":0.008772457591252864},"median":{"confidence_interval":{"confidence_level":0.95,"lower_bound":0.18823997600449816,"upper_bound":0.23662153135354136},"point_estimate":0.20656181478564695,"standard_error":0.012392387031579155}}