{"mean":{"confidence_interval":{"confidence_level":0.95,"lower_bound":-0.14967205155323138,"upper_bound":-0.12328284222027386},"point_estimate":-0.13668712342756895,"standard_error":0.006755183461138269},"median":{"confidence_interval":{"confidence_level":0.95,"lower_bound":-0.15362370937964143,"upper_bound":-0.11974418200067993},"point_estimate":-0.13659532046125733,"standard_error":0.008564926402262373}}