{"mean":{"confidence_interval":{"confidence_level":0.95,"lower_bound":-0.44746340857664385,"upper_bound":-0.42896845435833786},"point_estimate":-0.4388653618664031,"standard_error":0.004760739577387402},"median":{"confidence_interval":{"confidence_level":0.95,"lower_bound":-0.4516276432856877,"upper_bound":-0.4210351206451465},"point_estimate":-0.44542707032545825,"standard_error":0.006864514879523525}}