{"mean":{"confidence_interval":{"confidence_level":0.95,"lower_bound":-0.04548118229010588,"upper_bound":0.010930546961293914},"point_estimate":-0.019252239819349315,"standard_error":0.01443889903509857},"median":{"confidence_interval":{"confidence_level":0.95,"lower_bound":-0.060978880247949396,"upper_bound":0.00798367998608196},"point_estimate":-0.03139798790841175,"standard_error":0.01662412649460277}}