{"mean":{"confidence_interval":{"confidence_level":0.95,"lower_bound":-0.9777236821344721,"upper_bound":-0.9760165397842266},"point_estimate":-0.9768867063932238,"standard_error":0.0004382361903651798},"median":{"confidence_interval":{"confidence_level":0.95,"lower_bound":-0.9781314414252501,"upper_bound":-0.9755140606686311},"point_estimate":-0.9767348465574053,"standard_error":0.0008620242749517653}}