{"mean":{"confidence_interval":{"confidence_level":0.95,"lower_bound":-0.1670430681565476,"upper_bound":-0.013938960925672728},"point_estimate":-0.08649522355419159,"standard_error":0.03971796243051068},"median":{"confidence_interval":{"confidence_level":0.95,"lower_bound":-0.13520950688865796,"upper_bound":0.006954744965910642},"point_estimate":-0.04742201595026663,"standard_error":0.037314147551031275}}