{"mean":{"confidence_interval":{"confidence_level":0.95,"lower_bound":-0.5229689859702965,"upper_bound":-0.5086703541365638},"point_estimate":-0.5155447225530576,"standard_error":0.0036593535398426616},"median":{"confidence_interval":{"confidence_level":0.95,"lower_bound":-0.5244815509860599,"upper_bound":-0.5025595876479129},"point_estimate":-0.5122912144224441,"standard_error":0.005741516944727534}}