{"mean":{"confidence_interval":{"confidence_level":0.95,"lower_bound":5163.162451278546,"upper_bound":5211.958786032488},"point_estimate":5188.3378013792235,"standard_error":12.437712026178707},"median":{"confidence_interval":{"confidence_level":0.95,"lower_bound":5156.848149732397,"upper_bound":5231.06123045143},"point_estimate":5189.162476134834,"standard_error":19.867101486089783},"median_abs_dev":{"confidence_interval":{"confidence_level":0.95,"lower_bound":6.124829599871951,"upper_bound":74.5188503603676},"point_estimate":48.61087559940954,"standard_error":17.004155357757142},"slope":null,"std_dev":{"confidence_interval":{"confidence_level":0.95,"lower_bound":24.74729409314945,"upper_bound":52.38487385095063},"point_estimate":41.52484714293986,"standard_error":7.4448733606643165}}