{"mean":{"confidence_interval":{"confidence_level":0.95,"lower_bound":0.03795197118996119,"upper_bound":0.1012610014821841},"point_estimate":0.0664724423233014,"standard_error":0.01598560892269021},"median":{"confidence_interval":{"confidence_level":0.95,"lower_bound":0.028676142694411988,"upper_bound":0.10227414873480067},"point_estimate":0.060481869650264475,"standard_error":0.018617343992410728}}