{"mean":{"confidence_interval":{"confidence_level":0.95,"lower_bound":-0.090540671671664,"upper_bound":-0.017210851320569924},"point_estimate":-0.04933837427401577,"standard_error":0.01903541157953364},"median":{"confidence_interval":{"confidence_level":0.95,"lower_bound":-0.07077955714541662,"upper_bound":-0.004008929428314323},"point_estimate":-0.03624701521375795,"standard_error":0.017492966977841137}}