{"mean":{"confidence_interval":{"confidence_level":0.95,"lower_bound":18359.886134397373,"upper_bound":18592.48355459427},"point_estimate":18458.164360829353,"standard_error":60.956816974451066},"median":{"confidence_interval":{"confidence_level":0.95,"lower_bound":18331.824414528637,"upper_bound":18526.398269689736},"point_estimate":18365.63202938544,"standard_error":59.404408106159266},"median_abs_dev":{"confidence_interval":{"confidence_level":0.95,"lower_bound":16.092368785006695,"upper_bound":248.1393065246864},"point_estimate":76.31727041940935,"standard_error":61.8798927320608},"slope":null,"std_dev":{"confidence_interval":{"confidence_level":0.95,"lower_bound":61.39954833233817,"upper_bound":296.95992218369304},"point_estimate":203.26600107848714,"standard_error":72.2444406088516}}