{"mean":{"confidence_interval":{"confidence_level":0.95,"lower_bound":-0.9990124203266448,"upper_bound":-0.9984675651312651},"point_estimate":-0.9987961066334634,"standard_error":0.00013974573569362937},"median":{"confidence_interval":{"confidence_level":0.95,"lower_bound":-0.9990696263243262,"upper_bound":-0.9983867387906872},"point_estimate":-0.9987614429010446,"standard_error":0.0001876051128797667}}