{"mean":{"confidence_interval":{"confidence_level":0.95,"lower_bound":39740.49078587232,"upper_bound":40265.298995943616},"point_estimate":39983.57397361305,"standard_error":135.13130895291687},"median":{"confidence_interval":{"confidence_level":0.95,"lower_bound":39662.530894042444,"upper_bound":40368.88855199541},"point_estimate":39850.86995001229,"standard_error":151.81389607435594},"median_abs_dev":{"confidence_interval":{"confidence_level":0.95,"lower_bound":19.6799564809046,"upper_bound":762.1820727506279},"point_estimate":329.1997639334559,"standard_error":192.93060081441578},"slope":null,"std_dev":{"confidence_interval":{"confidence_level":0.95,"lower_bound":170.5040636554179,"upper_bound":590.4902148885785},"point_estimate":451.33485283228856,"standard_error":105.30659585613658}}