{"mean":{"confidence_interval":{"confidence_level":0.95,"lower_bound":2809.820779075971,"upper_bound":2863.6114792163276},"point_estimate":2836.5635724601116,"standard_error":13.69208462191958},"median":{"confidence_interval":{"confidence_level":0.95,"lower_bound":2808.6315313277537,"upper_bound":2860.955300749917},"point_estimate":2839.157839333252,"standard_error":14.379810475694212},"median_abs_dev":{"confidence_interval":{"confidence_level":0.95,"lower_bound":4.933246313336121,"upper_bound":77.53342890207189},"point_estimate":31.25751528206967,"standard_error":17.35143793368206},"slope":null,"std_dev":{"confidence_interval":{"confidence_level":0.95,"lower_bound":20.13808133399532,"upper_bound":61.85155005840246},"point_estimate":45.70626433552859,"standard_error":10.608144458088459}}