{"mean":{"confidence_interval":{"confidence_level":0.95,"lower_bound":-0.9999633515361224,"upper_bound":-0.999917035633576},"point_estimate":-0.999947461674171,"standard_error":0.000011892637187517553},"median":{"confidence_interval":{"confidence_level":0.95,"lower_bound":-0.9999647045997506,"upper_bound":-0.9998943404442233},"point_estimate":-0.9999287223137063,"standard_error":0.000020610665667392553}}