{"mean":{"confidence_interval":{"confidence_level":0.95,"lower_bound":11200.630217893333,"upper_bound":11311.42199774811},"point_estimate":11251.582688021323,"standard_error":28.566649722297733},"median":{"confidence_interval":{"confidence_level":0.95,"lower_bound":11184.820951768193,"upper_bound":11307.279969668421},"point_estimate":11224.68456306441,"standard_error":32.3654970650672},"median_abs_dev":{"confidence_interval":{"confidence_level":0.95,"lower_bound":18.1980382807497,"upper_bound":149.31673183518546},"point_estimate":68.60362678590349,"standard_error":33.8704681693094},"slope":null,"std_dev":{"confidence_interval":{"confidence_level":0.95,"lower_bound":35.44191539528506,"upper_bound":123.78571179941},"point_estimate":95.14578801962733,"standard_error":22.680310368101672}}