{"mean":{"confidence_interval":{"confidence_level":0.95,"lower_bound":-0.7292208692729182,"upper_bound":-0.7127303707512842},"point_estimate":-0.719508734240867,"standard_error":0.004437284142514382},"median":{"confidence_interval":{"confidence_level":0.95,"lower_bound":-0.7206842003406945,"upper_bound":-0.7120570885832505},"point_estimate":-0.7173201081443172,"standard_error":0.0028252472875329197}}