{"mean":{"confidence_interval":{"confidence_level":0.95,"lower_bound":1573.0888390920918,"upper_bound":1614.2044177790629},"point_estimate":1591.8233826482256,"standard_error":10.557557914343839},"median":{"confidence_interval":{"confidence_level":0.95,"lower_bound":1567.7552391049426,"upper_bound":1611.4341365074777},"point_estimate":1577.6119431995246,"standard_error":10.82067725155571},"median_abs_dev":{"confidence_interval":{"confidence_level":0.95,"lower_bound":2.4630169270212665,"upper_bound":54.48554307875839},"point_estimate":19.964224505089113,"standard_error":13.117676897202875},"slope":null,"std_dev":{"confidence_interval":{"confidence_level":0.95,"lower_bound":11.066839884765358,"upper_bound":46.60292366203715},"point_estimate":35.227155061785176,"standard_error":9.123444428061816}}