{"mean":{"confidence_interval":{"confidence_level":0.95,"lower_bound":3189.8658700831593,"upper_bound":3234.153789667824},"point_estimate":3210.238047637488,"standard_error":11.35183553557073},"median":{"confidence_interval":{"confidence_level":0.95,"lower_bound":3183.7922735119027,"upper_bound":3230.564633530018},"point_estimate":3204.627163475738,"standard_error":11.198549955311448},"median_abs_dev":{"confidence_interval":{"confidence_level":0.95,"lower_bound":8.667652005820258,"upper_bound":59.66122264271648},"point_estimate":28.451592596045614,"standard_error":13.141129230997914},"slope":null,"std_dev":{"confidence_interval":{"confidence_level":0.95,"lower_bound":15.614088692710943,"upper_bound":51.284982236360925},"point_estimate":37.83493582544611,"standard_error":9.644127229107749}}