{"mean":{"confidence_interval":{"confidence_level":0.95,"lower_bound":0.2096984620423386,"upper_bound":0.23646232778132084},"point_estimate":0.22291480314533918,"standard_error":0.006807729531751649},"median":{"confidence_interval":{"confidence_level":0.95,"lower_bound":0.20955397673640874,"upper_bound":0.23744520330991659},"point_estimate":0.22461443236167233,"standard_error":0.007388685452688476}}