{"mean":{"confidence_interval":{"confidence_level":0.95,"lower_bound":-0.30970012134050556,"upper_bound":-0.2817251461540212},"point_estimate":-0.29650579548596867,"standard_error":0.00718903277401393},"median":{"confidence_interval":{"confidence_level":0.95,"lower_bound":-0.32136702390712857,"upper_bound":-0.2804019021209637},"point_estimate":-0.3038553261167458,"standard_error":0.008977532774176757}}