{"mean":{"confidence_interval":{"confidence_level":0.95,"lower_bound":0.09503426538869972,"upper_bound":0.13602023258605178},"point_estimate":0.1136281666517378,"standard_error":0.010541228905870845},"median":{"confidence_interval":{"confidence_level":0.95,"lower_bound":0.08417737256219238,"upper_bound":0.1280106368500855},"point_estimate":0.10433444196173736,"standard_error":0.012120454488855644}}