{"mean":{"confidence_interval":{"confidence_level":0.95,"lower_bound":82367.8975536193,"upper_bound":83250.4677555295},"point_estimate":82757.56744302947,"standard_error":225.1418019713342},"median":{"confidence_interval":{"confidence_level":0.95,"lower_bound":82311.20509383378,"upper_bound":83384.07732908847},"point_estimate":82462.1720844504,"standard_error":230.2334602305523},"median_abs_dev":{"confidence_interval":{"confidence_level":0.95,"lower_bound":41.027625377521716,"upper_bound":1058.613893370723},"point_estimate":285.4233500265572,"standard_error":216.64014240491727},"slope":null,"std_dev":{"confidence_interval":{"confidence_level":0.95,"lower_bound":172.31885249936883,"upper_bound":939.2553526805765},"point_estimate":747.3541735873141,"standard_error":203.25312672300942}}