{"mean":{"confidence_interval":{"confidence_level":0.95,"lower_bound":0.02916559484335092,"upper_bound":0.06061139120683364},"point_estimate":0.043589806197971814,"standard_error":0.00803304854841391},"median":{"confidence_interval":{"confidence_level":0.95,"lower_bound":0.022242100573507617,"upper_bound":0.061146044242435416},"point_estimate":0.037236562295454245,"standard_error":0.008897900789336353}}