{"mean":{"confidence_interval":{"confidence_level":0.95,"lower_bound":-0.9738235267409998,"upper_bound":-0.9727487515595944},"point_estimate":-0.9733119546496964,"standard_error":0.00027454383395920245},"median":{"confidence_interval":{"confidence_level":0.95,"lower_bound":-0.9741449784165083,"upper_bound":-0.9726827778572389},"point_estimate":-0.9736145259407389,"standard_error":0.000371274578867089}}