{"mean":{"confidence_interval":{"confidence_level":0.95,"lower_bound":-0.18793295451517095,"upper_bound":-0.07861380181422996},"point_estimate":-0.12389535562970999,"standard_error":0.030149853049879202},"median":{"confidence_interval":{"confidence_level":0.95,"lower_bound":-0.12022569819111462,"upper_bound":-0.07348824831864031},"point_estimate":-0.10162364410172142,"standard_error":0.014103165204470311}}