{"mean":{"confidence_interval":{"confidence_level":0.95,"lower_bound":0.08879457141069781,"upper_bound":0.1253470206783704},"point_estimate":0.10810261541834731,"standard_error":0.0093307638952833},"median":{"confidence_interval":{"confidence_level":0.95,"lower_bound":0.09871903415409133,"upper_bound":0.12816938566269065},"point_estimate":0.11268853106984311,"standard_error":0.00776285577674056}}