{"mean":{"confidence_interval":{"confidence_level":0.95,"lower_bound":87063.72537257496,"upper_bound":87881.15855379189},"point_estimate":87449.38104056437,"standard_error":210.5434078159432},"median":{"confidence_interval":{"confidence_level":0.95,"lower_bound":86966.81005291006,"upper_bound":87990.27037037037},"point_estimate":87210.24417989419,"standard_error":263.72924711476657},"median_abs_dev":{"confidence_interval":{"confidence_level":0.95,"lower_bound":92.09900577232422,"upper_bound":1128.6162866297277},"point_estimate":465.76767210135046,"standard_error":288.5060410551772},"slope":null,"std_dev":{"confidence_interval":{"confidence_level":0.95,"lower_bound":273.1619812933324,"upper_bound":860.7062946510888},"point_estimate":704.3334470852096,"standard_error":138.60652221803252}}