{"mean":{"confidence_interval":{"confidence_level":0.95,"lower_bound":0.09850410182204145,"upper_bound":0.2768091588372808},"point_estimate":0.1948283824700605,"standard_error":0.046827963610977755},"median":{"confidence_interval":{"confidence_level":0.95,"lower_bound":0.14767300665479466,"upper_bound":0.3012241086033469},"point_estimate":0.25067819614813613,"standard_error":0.04015461347124058}}