{"mean":{"confidence_interval":{"confidence_level":0.95,"lower_bound":-0.3939564480011613,"upper_bound":-0.38008885096320927},"point_estimate":-0.3869957684139369,"standard_error":0.0035530185945044372},"median":{"confidence_interval":{"confidence_level":0.95,"lower_bound":-0.3984209406800908,"upper_bound":-0.37784144626554894},"point_estimate":-0.3830683735663095,"standard_error":0.005596617144545341}}