{"mean":{"confidence_interval":{"confidence_level":0.95,"lower_bound":0.00847465735552805,"upper_bound":0.05815847260543451},"point_estimate":0.03494412873951802,"standard_error":0.0126928803293556},"median":{"confidence_interval":{"confidence_level":0.95,"lower_bound":0.020625068753307607,"upper_bound":0.052640960945740556},"point_estimate":0.03791279156116434,"standard_error":0.007316257507073653}}