{"mean":{"confidence_interval":{"confidence_level":0.95,"lower_bound":-0.9855078077173822,"upper_bound":-0.9846895538800139},"point_estimate":-0.9851234819819765,"standard_error":0.00021055494017319258},"median":{"confidence_interval":{"confidence_level":0.95,"lower_bound":-0.9856856507405627,"upper_bound":-0.98462362218045},"point_estimate":-0.9852235754603991,"standard_error":0.00024223317005782824}}