{"mean":{"confidence_interval":{"confidence_level":0.95,"lower_bound":2927.4668557057216,"upper_bound":2980.0308259745857},"point_estimate":2953.201238423433,"standard_error":13.494902389358232},"median":{"confidence_interval":{"confidence_level":0.95,"lower_bound":2916.8189209562784,"upper_bound":2988.5197788785986},"point_estimate":2948.8699176777463,"standard_error":25.03846765858473},"median_abs_dev":{"confidence_interval":{"confidence_level":0.95,"lower_bound":4.945423725827739,"upper_bound":80.72844137315863},"point_estimate":49.65812269510207,"standard_error":21.074291224314614},"slope":null,"std_dev":{"confidence_interval":{"confidence_level":0.95,"lower_bound":28.25651420270106,"upper_bound":56.27623376282967},"point_estimate":45.11206349192377,"standard_error":7.46913288349212}}